id,name,description,status
c8e908a9-73cc-430f-a044-de7fcd783e71,Sachin2,,new
afc2ab14-8552-4f86-bb88-9ff49297f842,name,test,new
710e88a5-286d-4615-a29c-5a727fb4c742,name,test,new
3f709d22-888d-410a-9cb6-6b93b3ddb62b,name,test,new
1fa8eeb1-a36e-4848-9e6e-ee84712aa211,name,test,new
de79a6da-0dc7-4c55-beec-22897ea31ed5,name,test,new
505dd6c4-c70f-46c9-a8c9-867eae671876,name,test,new
bdb99cbd-bf57-4e4f-8e72-c3e8f556fea1,name,test,new
66cd23c4-a873-4927-94d2-1991e35232f9,name,test,new
62df7825-c0c9-442a-9755-4dccfad3bebb,name,test,new
fb47224c-1c27-45d9-8334-c9ff84182e31,name,test,new
7ecc9cf8-0e68-478d-89b0-bbebd9ed11c1,name,test,new
d40df4b4-6f58-4ce3-8700-d9647a6df6e1,name,test,new
929c6009-708a-4b73-9abf-0b1cf661c2ee,name,test,new
804fbb2e-f921-42b5-aff2-c4709dd4c839,name,test,new
67574c93-6615-45e6-99c9-f27754bfa3f0,name,test,new
084f2c31-ae86-4722-a120-27e940fea628,name,test,new
66bb2258-5566-43d2-90df-91c9f029f45b,name,test,new
814fd145-e393-4f5c-bcec-3320b3142bf4,name,test,new
264e2f3d-f7d3-4301-a69c-4b229573326c,name,test,new
2f15559f-77cc-4a60-86f2-639fc31d3532,name,test,new
b9e91f72-cd37-4825-b50c-40150c907127,name,test,new
576aaf0d-2eae-4460-8c63-fa0a295c440a,name,test,new
d09450df-7a54-442d-b9c8-9324eb10d625,name,test,new
cd850405-d797-4ff1-935a-35aabe680e95,name,test,new
41af5a23-a5a0-4123-a28b-5b326ae1ec5f,name,test,new
c883d371-7896-4b43-bb38-d3418dddd55e,name,test,new
eef94209-e51c-4d27-b277-f12c3914c8cf,name,test,new
abeebd81-87df-4b8f-a25d-2420f0d10ea1,name,test,new
ffc975ee-0976-44c5-9d48-1354f8a99d61,name,test,new
52452891-ba12-4cbd-9724-da75f1ec0eae,name,test,new
ac858492-510d-426a-81e3-336dc7599acb,name,test,new
fe519725-fa08-4b5d-9a02-b04bd2b9460c,name,test,new
23f05571-8348-4644-ac9b-29ad49d6e6be,name,test,new
85ecf5ce-85e6-401c-92ef-74472b6a28f3,name,test,new
929be2a0-669d-4fdb-bc96-8bc3e61b41d5,name,test,new
1929bea7-f659-43d9-ac3a-65954cf9f460,name,test,new
debb752b-d148-4af4-bc28-9404aae704b3,name,test,new
ecf20b93-dbe7-4556-b35c-021b33f300fe,name,test,new
47cdba0b-d6fa-4f27-ad89-df0634121e2e,name,test,new
76bd4599-92da-461c-a99a-7e46dd1a84bd,name,test,new
2afa9183-3c3d-4b0a-9aed-d002835c32c6,name,test,new
c63988af-5cd3-45a1-90a4-3ce1c24d5cdf,name,test,new
cbd05aed-e34d-41d2-85f9-8e3a16adffd6,name,test,new
7fb5fcda-7ad0-4e06-8aff-228e9af0ae60,name,test,new
41a20fa5-cc0b-4df6-b02a-65cf04237327,name,test,new
2e5c6960-80e4-4813-8f20-ee48f2ba7d8b,name,test,new
5bdf95f8-8d13-4567-8848-21d7de0a766a,name,test,new
af4e54b4-d53e-4a92-8d4c-127c3bc5594c,name,test,new
d33b6ffc-24fe-4886-9488-4d3a807c39f4,name,test,new
20ed68cf-2562-4f3b-a286-9aabea4e7b1b,name,test,new
7204986b-9761-48c1-b746-ecfaf5b23040,name,test,new
4a3a7c56-8f31-410b-b93d-3c25b1f767fa,name,test,new
39d03b29-ccda-48de-a100-503ddcc50c47,name,test,new
8d303dec-fa4f-4996-954c-13f001f76bf2,name,test,new
b2b6c0a7-b946-49d9-909a-2a650f35c7a4,name,test,new
810bab9b-6b1c-411d-b3fb-be532876292c,name,test,new
4284b049-f976-45c4-a7f9-72775e9293c5,name,test,new
78596336-aebd-4352-a4a1-f0f1f5c5b173,name,test,new
69b53d32-b200-4ad7-970c-93c38c72155a,name,test,new
9fab11cc-40eb-43a9-b98d-455d582ce21c,name,test,new
02dd63da-2868-4efa-9d8c-b8d43486e6cd,name,test,new
c42f8a8b-3c2b-4098-915e-8dc994955f44,name,test,new
51aed87d-8a13-43a4-b3a3-2c657999e29d,name,test,new
